{
  "name": "camera_front_left_scaramuzza",
  "size": [
    720,
    1280
  ],
  "imageCircleRadius": 839,
  "image_center": [
    704.8115216969159,
    305.1907409182342
  ],
  "polynomialC2W": [
    -532.3355010457018,
    -0.0,
    0.0008322505425013499,
    -4.384082652875942e-07,
    7.824094048063402e-10
  ],
  "polynomialW2C": [
    750.8654282143616,
    409.6156232327463,
    -4.343802945663153,
    66.98600705142006,
    21.911254576723337,
    -0.45369904194437705,
    19.940897584310417,
    19.11513708663374,
    4.766555038203039
  ],
  "affine": [
    0.9993208440568425,
    -0.002237131736661039,
    -0.0007987351336292758
  ]
}