{
  "name": "camera_front_left_scaramuzza",
  "size": [
    720,
    1280
  ],
  "imageCircleRadius": 789,
  "image_center": [
    678.1394686882987,
    360.5494313378448
  ],
  "polynomialC2W": [
    -533.7357346827987,
    -0.0,
    0.0007421842314804968,
    -1.1156902324836261e-07,
    5.345875955023569e-10
  ],
  "polynomialW2C": [
    746.7992476978975,
    412.004228056063,
    13.803072322850216,
    76.39872906940487,
    40.80161543101529,
    46.12443599216687,
    55.71502971870528,
    28.565768959470848,
    5.186050566658698
  ],
  "affine": [
    1.0021589438540404,
    0.001991740165286927,
    -0.00031185664479398936
  ]
}