{
  "name": "camera_front_left_scaramuzza",
  "size": [
    720,
    1280
  ],
  "imageCircleRadius": 784,
  "image_center": [
    676.4776883715344,
    359.2823066094528
  ],
  "polynomialC2W": [
    -536.4426002192162,
    -0.0,
    0.0008473531642274445,
    -7.418837041486341e-07,
    1.255667696251419e-09
  ],
  "polynomialW2C": [
    738.3222040940216,
    358.61707118363313,
    -33.025349112506674,
    66.17022470987048,
    -8.234493940140839,
    2.5503306914683987,
    84.00024565367887,
    67.91469266093232,
    15.599585293390502
  ],
  "affine": [
    1.0000994963913417,
    0.000277831476031364,
    -0.0001614437360514265
  ]
}