{
  "name": "camera_front_left_scaramuzza",
  "size": [
    720,
    1280
  ],
  "imageCircleRadius": 781,
  "image_center": [
    670.9720051654531,
    357.14620573354205
  ],
  "polynomialC2W": [
    -525.9512877488152,
    -0.0,
    0.0008554466953049432,
    -6.980288895176332e-07,
    1.1719081248635975e-09
  ],
  "polynomialW2C": [
    734.4823915377785,
    370.2769502708119,
    -28.548347735866557,
    62.06581011308032,
    -16.600186070110876,
    -40.06763614056629,
    25.6837136319029,
    36.96116086285284,
    9.777197121684225
  ],
  "affine": [
    0.9998671664511359,
    -0.0009335415021226156,
    -0.0002060565740847367
  ]
}