{
  "name": "camera_front_right_scaramuzza",
  "size": [
    720,
    1280
  ],
  "imageCircleRadius": 833,
  "image_center": [
    701.8077979535366,
    306.5543694857046
  ],
  "polynomialC2W": [
    -538.5559093134812,
    -0.0,
    0.0008412487091672649,
    -6.435190844909086e-07,
    1.1241821444218407e-09
  ],
  "polynomialW2C": [
    740.7708081750552,
    367.71331935873224,
    -26.271877878494955,
    70.64739865308555,
    13.086735593440784,
    23.36066010964351,
    83.14131851929845,
    60.50734319942981,
    13.437021948631944
  ],
  "affine": [
    1.0003199229925082,
    0.0004689719616100901,
    9.42340151400235e-06
  ]
}