{
  "coord_transformation_matrix": {
    "device_to_camera_front_left": [
      [
        0.9949902435374696,
        -0.09970206306520517,
        0.007342607560666053,
        0.06493969409201263
      ],
      [
        0.09940597831943092,
        0.9944890426934258,
        0.03331659401966906,
        0.004898515050000186
      ],
      [
        -0.01062387592194717,
        -0.03241978690948584,
        0.9994178759043384,
        -0.005592303852303048
      ],
      [
        0.0,
        0.0,
        0.0,
        1.0
      ]
    ],
    "device_to_camera_front_right": [
      [
        0.994990243537469,
        0.09940597831943081,
        -0.010623875921947155,
        -0.06474551863705558
      ],
      [
        -0.0997020630652051,
        0.9944890426934252,
        -0.03241978690948581,
        0.007750176762749582
      ],
      [
        0.007342607560666043,
        0.03331659401966902,
        0.9994178759043381,
        0.0045150589587031
      ],
      [
        0.0,
        0.0,
        0.0,
        1.0
      ]
    ]
  },
  "camera_right_to_left": [
    [
      0.980016596663622,
      -0.19859323503518872,
      0.011322422978800286,
      0.12987938818402525
    ],
    [
      0.1974121834330183,
      0.978017358039156,
      0.06716008640791464,
      0.009797030100000373
    ],
    [
      -0.024411065033318653,
      -0.06358281507112211,
      0.9976779668468034,
      -0.011184607704606097
    ],
    [
      0.0,
      0.0,
      0.0,
      1.0
    ]
  ],
  "units": "meters",
  "device_frame": "midpoint of camera centers, orientation halfway between the two cameras (OpenCV axes: x right, y down, z forward)",
  "stats": {
    "n_pairs": 23,
    "n_kept": 23,
    "rot_spread_deg": 0.2737473388091645,
    "trans_spread_mm": 1.9615019234331208,
    "baseline_mm": 130.7277044981016,
    "cross_reprojection_rms_px": 2.7501900864573288
  },
  "intrinsics": {
    "left": "camera_front_left_scaramuzza",
    "right": "camera_front_right_scaramuzza"
  }
}