{
  "name": "camera_front_right_scaramuzza_padded872",
  "size": [
    872,
    872
  ],
  "imageCircleRadius": 567,
  "image_center": [
    478.1065623558468,
    399.5901642121363
  ],
  "polynomialC2W": [
    -366.89121321980906,
    -0.0,
    0.0012348604905207557,
    -1.3865910750750995e-06,
    3.5556347105368755e-09
  ],
  "polynomialW2C": [
    504.65011306925635,
    250.50469881313634,
    -17.897716804724688,
    48.12854033241453,
    8.915338623031534,
    15.914449699694643,
    56.64002324127207,
    41.22062755461156,
    9.153971202505513
  ],
  "affine": [
    1.0003199229925082,
    0.0004689719616100901,
    9.42340151400235e-06
  ]
}