{
  "name": "camera_front_left_scaramuzza_padded872",
  "size": [
    872,
    872
  ],
  "imageCircleRadius": 532,
  "image_center": [
    457.09967851896494,
    434.0558526559755
  ],
  "polynomialC2W": [
    -358.3043147788803,
    -0.0,
    0.0012557015710898249,
    -1.5040433946344086e-06,
    3.7065854737162603e-09
  ],
  "polynomialW2C": [
    500.36612923511166,
    252.2511723719906,
    -19.448561895059093,
    42.282333139535965,
    -11.308876760263034,
    -27.29607712076079,
    17.49702991173385,
    25.1797908378185,
    6.660715539147378
  ],
  "affine": [
    0.9998671664511359,
    -0.0009335415021226156,
    -0.0002060565740847367
  ]
}